from_station,to_station,observations,avg_delta_min,p90_delta_min,pct_worsening,km
汐止,五堵,633,2.07,3,94.8,1.3
蘇澳,蘇澳新,560,1.11,2,88.0,2.9
鶯歌,桃園,3304,1.06,2,65.8,5.6
山佳,樹林,3366,0.87,2,56.8,3.8
沙崙,中洲,1096,0.72,2,53.8,4.1
山里,鹿野,850,0.71,2,49.3,5.6
彰化,追分,937,0.68,2,44.0,5.4
冬山,蘇澳新,1154,0.65,1,59.5,4.7
竹南,談文,941,0.57,2,41.6,4.0
西勢,潮州,990,0.57,2,43.5,7.4
苗栗,竹南,1791,0.57,2,43.6,14.2
北埔,花蓮,591,0.56,1,45.5,4.4
日南,苑裡,1173,0.55,2,39.1,7.2
追分,成功,413,0.53,2,28.8,2.2
基隆,七堵,1551,0.53,2,36.3,5.0
東里,玉里,732,0.52,2,33.2,6.6
臺南,保安,3281,0.50,2,41.2,7.3
萬榮,光復,826,0.50,2,31.1,5.1
三民,瑞穗,819,0.48,1,31.4,8.7
加祿,枋寮,603,0.47,1,35.8,5.1
竹北,北新竹,2637,0.45,1,41.9,4.2
內壢,桃園,3291,0.43,1,37.3,5.9
銅鑼,竹南,278,0.42,1,36.3,24.1
追分,彰化,209,0.41,2,31.6,5.4
三貂嶺,雙溪,1936,0.41,2,32.3,5.4
四城,宜蘭,1920,0.41,1,33.2,3.6
臺中港,清水,1352,0.40,1,32.4,5.6
民雄,嘉義,1737,0.40,1,34.9,8.5
林邊,南州,1167,0.40,2,28.8,6.7
東澳,南澳,1384,0.38,1,30.8,6.8
成功,彰化,2116,0.38,1,30.2,6.4
海端,池上,791,0.34,1,24.9,5.1
三民,玉里,708,0.34,1,33.6,10.9
康樂,知本,606,0.34,1,26.6,6.9
二結,羅東,2105,0.34,1,32.8,3.0
北湖,湖口,2783,0.33,1,23.6,2.4
新埔,通霄,938,0.33,1,27.6,5.7
佳冬,枋寮,600,0.32,1,27.8,7.1
銅鑼,苗栗,1280,0.32,1,19.1,9.9
竹北,新竹,489,0.32,1,37.8,5.6
林內,斗六,2279,0.32,1,27.9,9.2
保安,臺南,2792,0.29,1,31.2,7.3
嘉義,南靖,2182,0.29,2,37.5,9.1
二結,宜蘭,1954,0.29,1,26.6,5.7
埔心,中壢,3259,0.28,2,30.6,5.6
美術館,新左營,2251,0.28,1,28.7,4.7
瑞源,關山,851,0.28,1,26.4,9.9
萬華,板橋,4751,0.28,1,23.0,4.3
富源,瑞穗,825,0.28,1,36.4,9.2
成功,追分,417,0.25,1,28.3,2.2
楠梓,新左營,2215,0.24,1,24.0,4.7
四腳亭,瑞芳,2068,0.23,1,20.1,4.5
鶯歌,山佳,3361,0.23,1,22.6,4.3
枋野,大武,603,0.22,1,19.6,21.1
和仁,和平,1370,0.22,1,16.8,7.5
談文,竹南,625,0.22,1,25.0,4.0
後龍,大山,960,0.22,1,21.1,3.7
林鳳營,隆田,2227,0.22,1,20.5,5.5
南靖,嘉義,1743,0.21,1,27.1,9.1
湖口,富岡,215,0.21,1,23.7,5.3
海端,關山,831,0.20,1,23.3,6.5
西勢,屏東,2761,0.20,1,24.0,7.2
東里,東竹,798,0.20,1,17.5,5.8
松山,南港,4653,0.19,1,25.1,2.9
龍井,大肚,1319,0.19,1,25.0,4.8
四城,礁溪,2015,0.18,1,16.7,4.6
新烏日,臺中,2510,0.18,1,24.1,8.0
隆田,善化,2254,0.18,1,24.2,6.7
南港,汐止,4706,0.18,1,28.4,5.7
后里,豐原,2126,0.17,1,22.6,6.2
香山,新竹,2481,0.17,1,26.9,7.2
南平,鳳林,824,0.17,1,18.6,4.1
四腳亭,七堵,2072,0.16,1,19.4,4.9
汐止,南港,4648,0.16,1,21.5,5.7
路竹,岡山,2172,0.16,1,20.4,7.7
新豐,北湖,280,0.16,1,16.4,8.4
富岡,湖口,301,0.16,1,23.9,5.3
九曲堂,鳳山,3034,0.15,1,24.0,7.1
太麻里,金崙,606,0.15,1,13.5,10.4
後壁,新營,2184,0.15,1,26.4,7.6
民雄,大林,2274,0.15,1,18.1,5.6
桃園,內壢,3294,0.15,1,25.3,5.9
潭子,豐原,2074,0.14,1,19.3,5.0
龜山,頭城,1816,0.14,1,19.3,6.9
三義,后里,1677,0.14,1,20.8,13.0
七堵,汐止,4423,0.14,1,21.4,6.0
瀧溪,金崙,605,0.14,1,21.3,8.2
北新竹,竹北,3078,0.14,1,14.7,4.2
枋野,枋山,607,0.14,1,12.5,6.1
沙鹿,清水,1319,0.13,1,25.4,3.2
苗栗,銅鑼,1653,0.13,1,24.1,9.9
楠梓,橋頭,2206,0.13,1,18.1,4.0
九曲堂,屏東,2762,0.13,1,20.4,6.9
大里,福隆,1840,0.13,1,15.5,5.9
雙溪,三貂嶺,1936,0.13,1,14.2,5.4
大山,談文,774,0.12,1,21.8,5.6
花壇,員林,2426,0.12,1,15.0,8.0
瑞源,鹿野,878,0.12,1,22.1,5.3
社頭,田中,2419,0.12,1,21.9,4.3
永樂,東澳,1462,0.12,1,16.6,5.7
武塔,南澳,1405,0.12,1,13.2,3.0
太原,臺中,2509,0.11,1,18.8,3.3
東竹,富里,799,0.11,1,18.3,6.0
永樂,蘇澳新,1433,0.11,1,14.0,4.8
湖口,北湖,2245,0.11,1,13.9,2.4
景美,北埔,1424,0.10,1,11.7,6.5
太原,潭子,2504,0.10,1,15.3,5.3
富岡,楊梅,3159,0.10,1,12.8,6.8
花壇,彰化,2351,0.10,1,26.6,6.3
埔心,楊梅,3178,0.10,1,14.4,3.8
大湖,中洲,2052,0.10,1,16.6,2.9
田中,二水,2373,0.10,1,16.7,5.7
新市,永康,2636,0.09,1,17.0,5.0
后里,三義,1623,0.09,1,17.1,13.0
板橋,樹林,3355,0.09,1,13.9,4.7
大肚,龍井,1351,0.09,1,20.6,4.8
漢本,和平,1337,0.09,1,11.0,4.4
山佳,鶯歌,3328,0.09,1,10.9,4.3
清水,沙鹿,1319,0.09,1,19.6,3.2
林鳳營,新營,2095,0.09,1,18.9,7.1
富里,池上,797,0.08,1,19.8,6.6
富源,光復,787,0.08,1,26.6,10.4
二水,田中,2440,0.08,1,17.0,5.7
南平,壽豐,823,0.08,1,18.5,11.0
中洲,大湖,1982,0.08,1,19.7,2.9
新埔,白沙屯,963,0.08,1,18.2,3.0
屏東,九曲堂,3033,0.08,1,20.4,6.9
景美,新城,1403,0.07,1,11.0,5.1
斗南,大林,2253,0.07,1,17.0,8.3
永康,臺南,2733,0.07,1,24.0,6.2
林邊,佳冬,1162,0.07,1,15.2,3.8
金崙,瀧溪,605,0.07,1,17.9,8.2
湖口,新豐,3036,0.07,1,16.3,6.1
壽豐,志學,882,0.07,1,15.0,4.7
漢本,武塔,1404,0.07,0,6.6,12.6
七堵,四腳亭,2297,0.07,1,20.4,4.9
大林,斗南,2275,0.06,1,16.6,8.3
北湖,富岡,2943,0.06,1,11.1,3.1
臺中港,大甲,1143,0.06,1,15.3,5.1
萬榮,鳳林,818,0.06,1,14.7,4.8
橋頭,岡山,2207,0.06,1,13.5,3.6
斗南,斗六,2217,0.06,1,16.4,7.5
貢寮,雙溪,1936,0.05,0,5.6,4.6
南州,潮州,1023,0.05,1,23.7,6.9
康樂,臺東,305,0.05,1,20.3,4.5
苑裡,日南,1147,0.05,1,17.6,7.2
崇德,新城,1422,0.05,1,10.5,5.1
北埔,景美,1404,0.05,1,11.6,6.5
新市,善化,2149,0.05,1,18.8,7.4
斗六,林內,2332,0.05,1,22.2,9.2
中洲,保安,3335,0.04,1,14.2,3.8
瀧溪,大武,606,0.04,1,16.7,11.4
龜山,大里,1841,0.04,0,6.5,8.7
志學,壽豐,827,0.04,1,16.8,4.7
羅東,蘇澳新,926,0.04,1,18.3,9.4
香山,竹南,2937,0.04,1,20.1,9.1
美術館,高雄,2978,0.04,1,17.6,2.6
豐原,后里,1649,0.03,1,15.2,6.2
善化,隆田,2148,0.03,1,14.9,6.7
枋寮,佳冬,1163,0.03,1,18.4,7.1
銅鑼,三義,1649,0.03,1,15.3,7.5
冬山,羅東,2051,0.03,1,14.5,4.9
三貂嶺,猴硐,2406,0.03,1,11.8,2.4
武塔,漢本,1384,0.03,0.700000000000031,10.0,12.6
內壢,中壢,3251,0.02,1,17.4,4.0
枋山,枋野,603,0.02,0,9.1,6.1
枋山,加祿,607,0.02,1,11.9,7.9
南澳,武塔,1398,0.02,1,19.2,3.0
志學,吉安,884,0.02,1,16.7,8.6
彰化,成功,2192,0.02,1,23.2,6.4
中壢,內壢,3319,0.02,1,16.9,4.0
追分,大肚,1352,0.01,1,18.8,4.7
隆田,林鳳營,2143,0.01,1,12.9,5.5
福隆,大里,1818,0.01,1,13.5,5.9
臺南,永康,2644,0.01,1,19.1,6.2
後壁,南靖,2121,0.01,0,8.8,5.9
大山,後龍,936,0.01,1,13.2,3.7
竹北,新豐,3143,0.01,1,12.5,3.6
臺中,新烏日,2529,0.00,1,19.9,8.0
貢寮,福隆,1813,0.00,1,11.6,3.7
通霄,苑裡,1145,0.00,1,19.8,6.0
東竹,東里,792,0.00,0,7.4,5.8
路竹,大湖,1956,0.00,0,7.9,3.0
大湖,路竹,2156,0.00,1,10.4,3.0
楊梅,富岡,3045,0.00,1,10.8,6.8
南港,松山,4694,0.00,1,12.9,2.9
林內,二水,2291,0.00,1,11.0,5.9
金崙,太麻里,607,0.00,1,16.0,10.4
南澳,東澳,1467,0.00,0,9.3,6.8
員林,社頭,2449,0.00,1,14.4,7.1
蘇澳新,冬山,2109,0.00,1,16.5,4.7
鳳山,九曲堂,3006,0.00,1,12.9,7.1
知本,太麻里,607,0.00,1,12.7,11.6
瑞穗,富源,817,-0.01,1,20.3,9.2
新城,景美,1427,-0.01,0,5.6,5.1
樹林,山佳,3378,-0.01,0,8.5,3.8
東澳,永樂,1440,-0.01,0,8.6,5.7
潭子,太原,2558,-0.01,1,13.0,5.3
頭城,龜山,1841,-0.01,0,7.6,6.9
白沙屯,新埔,937,-0.01,0,9.2,3.0
三義,銅鑼,1621,-0.02,1,10.1,7.5
社頭,員林,2484,-0.02,1,15.3,7.1
頭城,礁溪,1981,-0.02,1,13.8,5.9
日南,大甲,1145,-0.02,1,13.2,4.6
瑞芳,四腳亭,2340,-0.03,1,11.0,4.5
後龍,白沙屯,937,-0.03,1,16.4,9.8
吉安,志學,881,-0.03,1,13.4,8.6
竹南,苗栗,1609,-0.03,1,16.3,14.2
鹿野,山里,423,-0.04,1,18.4,5.6
新城,崇德,1402,-0.04,0,8.3,5.1
新豐,竹北,3038,-0.05,1,13.4,3.6
永康,新市,2636,-0.05,1,13.2,5.0
瑞芳,猴硐,2417,-0.05,1,13.7,3.2
田中,社頭,2468,-0.05,1,13.2,4.3
清水,臺中港,1318,-0.05,1,19.3,5.6
光復,萬榮,821,-0.05,1,14.9,5.1
岡山,橋頭,2171,-0.07,1,13.0,3.6
岡山,路竹,2151,-0.07,1,11.2,7.7
新左營,美術館,3056,-0.07,1,16.9,4.7
新豐,湖口,2825,-0.07,0,9.6,6.1
通霄,新埔,962,-0.07,1,15.7,5.7
屏東,西勢,2736,-0.08,1,12.1,7.2
富岡,北湖,2278,-0.08,0,9.2,3.1
光復,富源,825,-0.08,1,15.3,10.4
橋頭,楠梓,2217,-0.09,1,11.2,4.0
嘉義,民雄,2275,-0.09,1,12.1,8.5
太麻里,知本,606,-0.09,1,11.1,11.6
楊梅,埔心,3185,-0.09,0,7.0,3.8
臺北,松山,4698,-0.10,1,14.3,6.3
成功,新烏日,2604,-0.10,1,10.8,2.5
和平,漢本,1401,-0.10,0,3.4,4.4
新竹,香山,2959,-0.11,1,19.6,7.2
加祿,枋山,603,-0.11,0,5.0,7.9
猴硐,瑞芳,2353,-0.11,1,10.8,3.2
羅東,二結,2112,-0.12,0,6.0,3.0
新烏日,成功,2530,-0.12,1,10.7,2.5
礁溪,四城,1983,-0.12,0,8.5,4.6
南靖,後壁,2182,-0.12,1,10.4,5.9
竹南,香山,2890,-0.12,1,18.6,9.1
猴硐,三貂嶺,2391,-0.13,0,7.2,2.4
瑞穗,三民,827,-0.13,1,14.4,8.7
礁溪,頭城,1844,-0.13,0,7.0,5.9
福隆,貢寮,1936,-0.13,0,7.0,3.7
大武,瀧溪,606,-0.13,1,10.6,11.4
萬華,臺北,4794,-0.13,0,9.7,2.3
崇德,和仁,1403,-0.13,0,4.9,9.7
員林,花壇,2511,-0.14,1,10.6,8.0
鳳林,萬榮,826,-0.14,0,7.1,4.8
吉安,花蓮,641,-0.14,1,18.3,3.3
花蓮,北埔,1405,-0.14,1,11.0,4.4
鹿野,瑞源,850,-0.14,1,11.4,5.3
大肚,追分,1318,-0.15,0,9.3,4.7
苑裡,通霄,964,-0.15,1,18.0,6.0
白沙屯,後龍,963,-0.16,0.800000000000021,10.1,9.8
豐原,潭子,2571,-0.16,1,10.5,5.0
池上,海端,850,-0.16,1,11.9,5.1
鳳山,高雄,3036,-0.17,1,13.6,5.7
桃園,鶯歌,3340,-0.17,1,12.4,5.6
保安,中洲,3088,-0.17,1,10.5,3.8
臺北,萬華,4734,-0.17,0,5.3,2.3
關山,海端,849,-0.17,0,9.1,6.5
二水,林內,2332,-0.18,0,8.8,5.9
壽豐,南平,825,-0.19,0,7.2,11.0
知本,康樂,496,-0.19,0,3.2,6.9
善化,新市,2642,-0.19,0,9.5,7.4
北新竹,新竹,2144,-0.19,1,11.6,1.5
高雄,美術館,3092,-0.20,0,8.0,2.6
和平,和仁,1413,-0.20,0,6.7,7.5
大甲,臺中港,1349,-0.20,1,11.5,5.1
雙溪,貢寮,1928,-0.20,0,8.6,4.6
龍井,沙鹿,1320,-0.21,1,14.3,4.6
富里,東竹,791,-0.21,0,4.3,6.0
臺東,山里,876,-0.21,0,6.7,7.7
汐止,七堵,3487,-0.21,1,13.4,6.0
鳳林,南平,819,-0.22,0,4.9,4.1
大林,民雄,2288,-0.22,0,7.3,5.6
南州,林邊,1163,-0.22,1,10.6,6.7
松山,臺北,4733,-0.23,0,9.2,6.3
潮州,西勢,2762,-0.23,0,9.4,7.4
斗六,斗南,2238,-0.23,0,9.3,7.5
佳冬,林邊,1162,-0.24,0,6.1,3.8
羅東,冬山,1165,-0.25,0,6.7,4.9
新左營,楠梓,2250,-0.25,0,5.9,4.7
花蓮,吉安,884,-0.26,1,12.7,3.3
臺中,成功,303,-0.26,0,6.6,10.2
大甲,日南,1173,-0.27,0,8.1,4.6
大里,龜山,1818,-0.27,0,5.2,8.7
潮州,南州,1165,-0.27,1,16.7,6.9
池上,富里,793,-0.28,0,9.1,6.6
蘇澳新,永樂,1411,-0.29,0,4.9,4.8
新營,後壁,2124,-0.31,0,4.3,7.6
關山,瑞源,875,-0.33,1,11.1,9.9
高雄,鳳山,3028,-0.33,0,9.1,5.7
玉里,三民,821,-0.34,0,5.2,10.9
新營,林鳳營,2231,-0.35,0,7.6,7.1
宜蘭,二結,2132,-0.35,0,4.9,5.7
板橋,萬華,4815,-0.35,0,3.8,4.3
沙鹿,龍井,1319,-0.36,0,9.2,4.6
宜蘭,四城,2014,-0.36,0,2.1,3.6
樹林,板橋,4817,-0.36,1,14.0,4.7
大武,枋野,607,-0.39,0,7.9,21.1
枋寮,加祿,603,-0.39,0,5.6,5.1
臺中,太原,2513,-0.42,0,3.6,3.3
彰化,花壇,2508,-0.43,0,7.1,6.3
彰化,新烏日,227,-0.43,0,5.7,8.3
臺東,康樂,613,-0.45,0,4.7,4.5
談文,大山,934,-0.45,1,11.6,5.6
新竹,北新竹,2947,-0.50,0,1.6,1.5
玉里,東里,799,-0.52,0,4.3,6.6
中壢,埔心,3195,-0.59,1,11.0,5.6
和仁,崇德,1423,-0.64,0,3.9,9.7
五堵,七堵,235,-1.38,0,9.4,5.0
