station,pop_1km,weekday_stops,pop_per_trip,cvs_1km
正義,75188,93,808.5,26
科工館,70503,100,705.0,22
民族,65248,93,701.6,33
內惟,55863,94,594.3,19
萬華,102956,175,588.3,62
大甲,23483,41,572.8,19
左營,48071,94,511.4,17
五權,57755,116,497.9,30
三塊厝,46794,94,497.8,18
清水,19632,40,490.8,9
吉安,18431,38,485.0,9
沙鹿,19528,41,476.3,19
竹東,17409,38,458.1,22
美術館,41545,94,442.0,17
榮華,15700,38,413.2,10
板橋,120702,318,379.6,76
內壢,52778,145,364.0,38
三坑,37841,106,357.0,40
楠梓,28830,84,343.2,16
基隆,40768,121,336.9,56
大橋,36656,112,327.3,31
苑裡,8946,28,319.5,9
新莊,30792,98,314.2,19
中壢,62752,205,306.1,71
高雄,52894,180,293.9,31
桃園,59139,212,279.0,62
松山,86700,315,275.2,61
鼓山,25770,94,274.1,4
鳳山,50830,188,270.4,24
樹林,68997,260,265.4,41
竹北,35837,139,257.8,34
員林,38586,151,255.5,24
浮洲,42585,167,255.0,32
大慶,31370,125,251.0,13
汐止,58852,240,245.2,41
大肚,9702,40,242.6,7
上員,9216,38,242.5,7
汐科,41273,184,224.3,35
六家,18315,82,223.4,18
岡山,22791,108,211.0,17
豐原,33171,158,209.9,23
羅東,26336,131,201.0,27
北埔,5388,27,199.6,4
花蓮,21473,108,198.8,21
嘉義,35047,180,194.7,36
臺中,36649,190,192.9,43
宜蘭,26524,138,192.2,28
新左營,36448,192,189.8,12
南樹林,24123,130,185.6,26
苗栗,23225,126,184.3,21
北新竹,40189,222,181.0,35
龍井,7205,40,180.1,3
彰化,38767,231,167.8,33
臺北,52992,318,166.6,117
暖暖,11912,73,163.2,6
鳳鳴,21138,130,162.6,16
永康,20770,131,158.5,13
斗六,21810,142,153.6,18
四腳亭,11760,77,152.7,7
通霄,4222,28,150.8,5
新竹,46963,318,147.7,61
五堵,24257,166,146.1,17
千甲,14221,98,145.1,7
竹南,25615,177,144.7,16
埔心,20484,142,144.3,19
濁水,3252,23,141.4,4
屏東,25900,200,129.5,21
鶯歌,19637,155,126.7,15
新豐,16687,132,126.4,22
橋頭,9220,73,126.3,7
臺南,27682,224,123.6,35
田中,15132,123,123.0,7
後庄,10767,88,122.4,12
社頭,10378,85,122.1,6
林邊,7040,58,121.4,5
湖口,15653,139,112.6,19
中里,6798,61,111.4,4
南港,26909,248,108.5,25
楊梅,15376,143,107.5,16
新營,13558,131,103.5,7
冬山,7201,70,102.9,6
路竹,7950,79,100.6,8
集集,2311,23,100.5,4
大林,9071,93,97.5,9
后里,8010,85,94.2,7
水里,2143,23,93.2,4
斗南,10059,109,92.3,15
花壇,7110,77,92.3,7
三姓橋,10050,109,92.2,14
蘇澳,3846,42,91.6,4
大村,6966,77,90.5,2
百福,14950,166,90.1,12
水上,6310,72,87.6,7
大湖,6870,79,87.0,2
追分,3470,40,86.8,4
玉里,4841,56,86.4,7
二結,5204,61,85.3,2
山佳,10900,130,83.8,4
六塊厝,6940,87,79.8,1
南州,4481,58,77.3,2
潮州,14681,191,76.9,17
瑞芳,9816,130,75.5,11
頭城,6284,84,74.8,8
日南,2073,28,74.0,3
竹中,8565,120,71.4,14
民雄,6607,95,69.5,5
歸來,5470,79,69.2,1
永靖,5142,76,67.7,1
鳳林,2630,40,65.8,2
崁頂,2408,37,65.1,2
光復,2703,42,64.4,2
南科,6563,104,63.1,3
新市,6518,106,61.5,8
四城,3199,52,61.5,1
七堵,16349,277,59.0,13
九讚頭,2042,37,55.2,3
礁溪,5073,93,54.5,14
枋寮,3789,71,53.4,5
臺中港,2119,40,53.0,1
頂埔,2658,52,51.1,3
銅鑼,2547,51,49.9,9
源泉,1139,23,49.5,1
善化,5784,131,44.2,9
池上,2059,47,43.8,5
九曲堂,6682,153,43.7,4
瑞穗,2048,47,43.6,4
富里,1503,35,42.9,1
東海,1563,37,42.2,2
佳冬,1797,43,41.8,1
橫山,1527,37,41.3,3
柳營,2893,73,39.6,2
臺東,2901,77,37.7,5
隆田,2853,83,34.4,4
關山,1674,49,34.2,4
林內,2752,81,34.0,3
北湖,4821,151,31.9,5
八堵,6641,215,30.9,5
鎮安,1094,37,29.6,0
三義,1565,53,29.5,5
富岡,3520,122,28.9,5
石榴,2099,74,28.4,2
豐富,2181,77,28.3,3
二水,3456,123,28.1,5
蘇澳新,2418,88,27.5,2
南勢,1233,46,26.8,1
知本,950,36,26.4,1
泰安,1216,48,25.3,0
後壁,1767,72,24.5,2
麟洛,1908,79,24.2,0
竹田,1834,79,23.2,2
金崙,538,24,22.4,1
南靖,1601,72,22.2,1
十分,713,33,21.6,1
西勢,2231,105,21.2,2
太麻里,637,30,21.2,2
新富,2567,122,21.0,1
新城,952,47,20.3,2
壽豐,803,40,20.1,1
合興,720,37,19.5,0
造橋,1441,77,18.7,2
龍泉,425,23,18.5,0
石龜,1391,76,18.3,1
志學,624,35,17.8,2
保安,2478,144,17.2,2
仁德,2445,143,17.1,3
內灣,598,37,16.2,3
香山,1705,109,15.6,3
菁桐,497,32,15.5,0
雙溪,996,67,14.9,2
車埕,316,22,14.4,1
大武,412,30,13.7,1
林鳳營,953,73,13.1,1
南澳,571,44,13.0,6
沙崙,945,73,12.9,4
長榮大學,899,70,12.8,7
崎頂,1371,109,12.6,0
拔林,914,73,12.5,0
猴硐,1031,86,12.0,0
鹿野,417,38,11.0,1
平溪,346,32,10.8,3
富貴,337,37,9.1,0
中洲,1261,146,8.6,1
貢寮,434,52,8.3,0
嶺腳,265,32,8.3,1
望古,248,32,7.8,0
外澳,287,39,7.4,0
龜山,272,39,7.0,3
牡丹,318,46,6.9,0
永樂,134,20,6.7,0
福隆,362,68,5.3,3
大里,177,40,4.4,0
石城,134,39,3.4,0
大華,102,33,3.1,0
大溪,109,39,2.8,0
崇德,49,22,2.2,1
東澳,52,32,1.6,2
三貂嶺,117,79,1.5,0
和平,21,35,0.6,1
和仁,16,25,0.6,0
